{
  "Link Color" : {
    "Red Component" : 0,
    "Color Space" : "sRGB",
    "Blue Component" : 0.73422712087631226,
    "Alpha Component" : 1,
    "Green Component" : 0.35915297269821167
  },
  "Tags" : [

  ],
  "Ansi 12 Color" : {
    "Green Component" : 0.68627452850341797,
    "Red Component" : 0,
    "Blue Component" : 1
  },
  "Ansi 7 Color" : {
    "Green Component" : 0.73333334922790527,
    "Red Component" : 0.73333334922790527,
    "Blue Component" : 0.73333334922790527
  },
  "Ansi 8 Color" : {
    "Green Component" : 0.33333333333333331,
    "Red Component" : 0.33333333333333331,
    "Blue Component" : 0.33333333333333331
  },
  "Bold Color" : {
    "Green Component" : 1,
    "Red Component" : 1,
    "Blue Component" : 1
  },
  "Ansi 9 Color" : {
    "Green Component" : 0.40106064081192017,
    "Red Component" : 0.9644390344619751,
    "Blue Component" : 0.61410599946975708
  },
  "Guid" : "932A15E2-C2BA-466F-9322-4E0EF0216D2C",
  "Horizontal Spacing" : 1,
  "Rows" : 25,
  "Default Bookmark" : "No",
  "Cursor Guide Color" : {
    "Red Component" : 0.70214027166366577,
    "Color Space" : "sRGB",
    "Blue Component" : 1,
    "Alpha Component" : 0.25,
    "Green Component" : 0.92681378126144409
  },
  "Non-ASCII Anti Aliased" : true,
  "Use Bright Bold" : true,
  "Ansi 10 Color" : {
    "Green Component" : 0.87939631938934326,
    "Red Component" : 0.69346785545349121,
    "Blue Component" : 0.3713659942150116
  },
  "Icon" : 1,
  "Ambiguous Double Width" : false,
  "Jobs to Ignore" : [
    "rlogin",
    "ssh",
    "slogin",
    "telnet"
  ],
  "Show Status Bar" : true,
  "Ansi 15 Color" : {
    "Green Component" : 1,
    "Red Component" : 1,
    "Blue Component" : 1
  },
  "Foreground Color" : {
    "Green Component" : 0.73333334922790527,
    "Red Component" : 0.73333334922790527,
    "Blue Component" : 0.73333334922790527
  },
  "Working Directory" : "\/Users\/ming.teo",
  "Blinking Cursor" : false,
  "Disable Window Resizing" : true,
  "Sync Title" : false,
  "Prompt Before Closing 2" : false,
  "BM Growl" : true,
  "Command" : "",
  "Description" : "Default",
  "Mouse Reporting" : true,
  "Screen" : -1,
  "Selection Color" : {
    "Green Component" : 0.8353000283241272,
    "Red Component" : 0.70980000495910645,
    "Blue Component" : 1
  },
  "Columns" : 80,
  "Idle Code" : 0,
  "Ansi 13 Color" : {
    "Green Component" : 0.52941179275512695,
    "Red Component" : 0.68627452850341797,
    "Blue Component" : 1
  },
  "Custom Command" : "No",
  "ASCII Anti Aliased" : true,
  "Non Ascii Font" : "Monaco 12",
  "Vertical Spacing" : 1,
  "Use Bold Font" : true,
  "Option Key Sends" : 0,
  "Selected Text Color" : {
    "Green Component" : 0,
    "Red Component" : 0,
    "Blue Component" : 0
  },
  "Background Color" : {
    "Green Component" : 0.070588238537311554,
    "Red Component" : 0.070588238537311554,
    "Blue Component" : 0.070588238537311554
  },
  "Character Encoding" : 4,
  "Ansi 11 Color" : {
    "Green Component" : 0.94947350025177002,
    "Red Component" : 0.99927449226379395,
    "Blue Component" : 0.42728197574615479
  },
  "Use Italic Font" : true,
  "Unlimited Scrollback" : false,
  "Keyboard Map" : {
    "0xf700-0x260000" : {
      "Text" : "[1;6A",
      "Action" : 10
    },
    "0x37-0x40000" : {
      "Text" : "0x1f",
      "Action" : 11
    },
    "0x32-0x40000" : {
      "Text" : "0x00",
      "Action" : 11
    },
    "0xf709-0x20000" : {
      "Text" : "[17;2~",
      "Action" : 10
    },
    "0xf70c-0x20000" : {
      "Text" : "[20;2~",
      "Action" : 10
    },
    "0xf729-0x20000" : {
      "Text" : "[1;2H",
      "Action" : 10
    },
    "0xf72b-0x40000" : {
      "Text" : "[1;5F",
      "Action" : 10
    },
    "0xf705-0x20000" : {
      "Text" : "[1;2Q",
      "Action" : 10
    },
    "0xf703-0x260000" : {
      "Text" : "[1;6C",
      "Action" : 10
    },
    "0xf700-0x220000" : {
      "Text" : "[1;2A",
      "Action" : 10
    },
    "0xf701-0x280000" : {
      "Text" : "0x1b 0x1b 0x5b 0x42",
      "Action" : 11
    },
    "0x38-0x40000" : {
      "Text" : "0x7f",
      "Action" : 11
    },
    "0x33-0x40000" : {
      "Text" : "0x1b",
      "Action" : 11
    },
    "0xf703-0x220000" : {
      "Text" : "[1;2C",
      "Action" : 10
    },
    "0xf701-0x240000" : {
      "Text" : "[1;5B",
      "Action" : 10
    },
    "0xf70d-0x20000" : {
      "Text" : "[21;2~",
      "Action" : 10
    },
    "0xf702-0x260000" : {
      "Text" : "[1;6D",
      "Action" : 10
    },
    "0xf729-0x40000" : {
      "Text" : "[1;5H",
      "Action" : 10
    },
    "0xf706-0x20000" : {
      "Text" : "[1;2R",
      "Action" : 10
    },
    "0x34-0x40000" : {
      "Text" : "0x1c",
      "Action" : 11
    },
    "0xf700-0x280000" : {
      "Text" : "0x1b 0x1b 0x5b 0x41",
      "Action" : 11
    },
    "0x2d-0x40000" : {
      "Text" : "0x1f",
      "Action" : 11
    },
    "0xf70e-0x20000" : {
      "Text" : "[23;2~",
      "Action" : 10
    },
    "0xf702-0x220000" : {
      "Text" : "[1;2D",
      "Action" : 10
    },
    "0xf703-0x280000" : {
      "Text" : "0x1b 0x1b 0x5b 0x43",
      "Action" : 11
    },
    "0xf700-0x240000" : {
      "Text" : "[1;5A",
      "Action" : 10
    },
    "0xf707-0x20000" : {
      "Text" : "[1;2S",
      "Action" : 10
    },
    "0xf70a-0x20000" : {
      "Text" : "[18;2~",
      "Action" : 10
    },
    "0x35-0x40000" : {
      "Text" : "0x1d",
      "Action" : 11
    },
    "0xf70f-0x20000" : {
      "Text" : "[24;2~",
      "Action" : 10
    },
    "0xf703-0x240000" : {
      "Text" : "[1;5C",
      "Action" : 10
    },
    "0xf701-0x260000" : {
      "Text" : "[1;6B",
      "Action" : 10
    },
    "0xf702-0x280000" : {
      "Text" : "0x1b 0x1b 0x5b 0x44",
      "Action" : 11
    },
    "0xf72b-0x20000" : {
      "Text" : "[1;2F",
      "Action" : 10
    },
    "0x36-0x40000" : {
      "Text" : "0x1e",
      "Action" : 11
    },
    "0xf708-0x20000" : {
      "Text" : "[15;2~",
      "Action" : 10
    },
    "0xf701-0x220000" : {
      "Text" : "[1;2B",
      "Action" : 10
    },
    "0xf70b-0x20000" : {
      "Text" : "[19;2~",
      "Action" : 10
    },
    "0xf702-0x240000" : {
      "Text" : "[1;5D",
      "Action" : 10
    },
    "0xf704-0x20000" : {
      "Text" : "[1;2P",
      "Action" : 10
    }
  },
  "Window Type" : 0,
  "Background Image Location" : "",
  "Blur" : false,
  "Badge Color" : {
    "Red Component" : 1,
    "Color Space" : "sRGB",
    "Blue Component" : 0,
    "Alpha Component" : 0.5,
    "Green Component" : 0.14910027384757996
  },
  "Scrollback Lines" : 1000,
  "Send Code When Idle" : false,
  "Close Sessions On End" : true,
  "Terminal Type" : "xterm-256color",
  "Visual Bell" : true,
  "Flashing Bell" : false,
  "Show Timestamps" : 1,
  "Status Bar Layout" : {
    "components" : [
      {
        "class" : "iTermStatusBarWorkingDirectoryComponent",
        "configuration" : {
          "knobs" : {
            "path" : "path",
            "base: priority" : 5,
            "base: compression resistance" : 1,
            "minwidth" : 0,
            "maxwidth" : 1.7976931348623157e+308
          },
          "layout advanced configuration dictionary value" : {
            "remove empty components" : false,
            "font" : ".AppleSystemUIFont 12",
            "algorithm" : 0,
            "auto-rainbow style" : 0
          }
        }
      },
      {
        "class" : "iTermStatusBarGitComponent",
        "configuration" : {
          "knobs" : {
            "iTermStatusBarGitComponentPollingIntervalKey" : 2,
            "base: priority" : 5,
            "base: compression resistance" : 1,
            "minwidth" : 0,
            "maxwidth" : 1.7976931348623157e+308
          },
          "layout advanced configuration dictionary value" : {
            "auto-rainbow style" : 0,
            "algorithm" : 0,
            "remove empty components" : false
          }
        }
      },
      {
        "class" : "iTermStatusBarJobComponent",